{
    "1.0_5.5_1": {
        "freq": 1301967827.5723212,
        "Qext": 3145338173.1032887,
        "R/Q_||": 52.76662339060508,
        "R/Q_x": 2.4308055766057505e-06,
        "R/Q_y": 7.32125367975391e-05,
        "R/Q__|": 7.564334237414484e-05,
        "k_n": 27.28722790158695,
        "R/Q_symm": 0.0
    },
    "1.0_5.5_2": {
        "freq": 2311154630.613892,
        "Qext": 3466735795.8603406,
        "R/Q_||": 2.993237628150242e-08,
        "R/Q_x": 0.0047080092801814,
        "R/Q_y": 0.0051152313279831,
        "R/Q__|": 0.0098232406081645,
        "k_n": 48.43821927532703,
        "R/Q_symm": 0.0
    },
    "1.0_5.5_3": {
        "freq": 2450691498.097038,
        "Qext": 10056109283.501286,
        "R/Q_||": 14.236870944864254,
        "R/Q_x": 0.0004567062484718,
        "R/Q_y": 0.0008325339829966,
        "R/Q__|": 0.0012892402314685,
        "k_n": 51.36269576625986,
        "R/Q_symm": 1.0
    },
    "1.0_5.5_4": {
        "freq": 2473758610.723753,
        "Qext": 1902824703.190179,
        "R/Q_||": 1.9600591521910077e-07,
        "R/Q_x": 0.0027606079386263,
        "R/Q_y": 0.0023331635090911,
        "R/Q__|": 0.0050937714477174,
        "k_n": 51.84614669795486,
        "R/Q_symm": 0.0
    },
    "1.0_5.5_5": {
        "freq": 2700058603.819336,
        "Qext": 716770841.4054021,
        "R/Q_||": 0.1431960230245364,
        "R/Q_x": 0.0040836725173355,
        "R/Q_y": 0.015930029597918,
        "R/Q__|": 0.0200137021152536,
        "k_n": 56.58904383792563,
        "R/Q_symm": 0.0
    },
    "1.0_5.5_6": {
        "freq": 2964398559.8368177,
        "Qext": 1.113390949156,
        "R/Q_||": 40.871460134850295,
        "R/Q_x": 1.6845761260271104,
        "R/Q_y": 3.301183704912632,
        "R/Q__|": 4.985759830939743,
        "k_n": 62.129199647147296,
        "R/Q_symm": 0.0
    },
    "1.0_5.5_7": {
        "freq": 2975298541.164276,
        "Qext": 108.011006846632,
        "R/Q_||": 19.77580820560495,
        "R/Q_x": 0.2796787050608008,
        "R/Q_y": 1.076940575297108,
        "R/Q__|": 1.356619280357909,
        "k_n": 62.357646363192494,
        "R/Q_symm": 1.0
    },
    "1.0_5.5_8": {
        "freq": 3045782281.6106024,
        "Qext": 1.725328643681,
        "R/Q_||": 50.37903448101051,
        "R/Q_x": 2.022564867013232,
        "R/Q_y": 3.571820638684825,
        "R/Q__|": 5.594385505698057,
        "k_n": 63.834876328622165,
        "R/Q_symm": 0.0
    },
    "1.0_5.5_9": {
        "freq": 3047670906.720466,
        "Qext": 18.097705879865998,
        "R/Q_||": 19.925414731766157,
        "R/Q_x": 0.1557705509018088,
        "R/Q_y": 0.7657204611574338,
        "R/Q__|": 0.9214910120592426,
        "k_n": 63.87445898397057,
        "R/Q_symm": 1.0
    },
    "1.0_5.5_10": {
        "freq": 3159385070.7354507,
        "Qext": 3.719495231473,
        "R/Q_||": 24.956079646823664,
        "R/Q_x": 1.759101062022502,
        "R/Q_y": 2.740592230560143,
        "R/Q__|": 4.499693292582644,
        "k_n": 66.21581472929357,
        "R/Q_symm": 0.0
    },
    "1.0_5.5_11": {
        "freq": 3195103162.83717,
        "Qext": 5.282904947859,
        "R/Q_||": 22.58396247966325,
        "R/Q_x": 0.2263338858322254,
        "R/Q_y": 0.9490319533228652,
        "R/Q__|": 1.1753658391550903,
        "k_n": 66.96441058454357,
        "R/Q_symm": 0.0
    },
    "1.0_5.5_12": {
        "freq": 3195145592.737961,
        "Qext": 6.939093289192,
        "R/Q_||": 1.339789785859886,
        "R/Q_x": 0.774210852260631,
        "R/Q_y": 0.9557626324638128,
        "R/Q__|": 1.729973484724444,
        "k_n": 66.9652998495071,
        "R/Q_symm": 1.0
    },
    "1.0_5.5_13": {
        "freq": 3261731787.4366107,
        "Qext": 1158592.7419801687,
        "R/Q_||": 1.966828618204307e-06,
        "R/Q_x": 0.016720837902371,
        "R/Q_y": 0.017321357020838,
        "R/Q__|": 0.034042194923209,
        "k_n": 68.36084329640582,
        "R/Q_symm": 1.0
    },
    "1.0_5.5_14": {
        "freq": 3273771168.5682597,
        "Qext": 67203471.27741025,
        "R/Q_||": 2.2474986471849484e-08,
        "R/Q_x": 0.0003140658875214,
        "R/Q_y": 0.0006153687975112,
        "R/Q__|": 0.0009294346850326,
        "k_n": 68.61317006652727,
        "R/Q_symm": 1.0
    },
    "1.0_5.5_15": {
        "freq": 3457686642.050557,
        "Qext": 58716.57332116766,
        "R/Q_||": 8.398582511836862e-06,
        "R/Q_x": 0.0020171458614764,
        "R/Q_y": 0.0185700673199992,
        "R/Q__|": 0.0205872131814757,
        "k_n": 72.46775336210486,
        "R/Q_symm": 1.0
    },
    "1.0_5.5_16": {
        "freq": 3469664005.383557,
        "Qext": 8.936658646271,
        "R/Q_||": 15.586806684187383,
        "R/Q_x": 0.5347970137416449,
        "R/Q_y": 0.4762451606606382,
        "R/Q__|": 1.011042174402283,
        "k_n": 72.71878033528061,
        "R/Q_symm": 1.0
    },
    "1.0_5.5_17": {
        "freq": 3623508370.1533294,
        "Qext": 18395434.499594606,
        "R/Q_||": 2.200764955766796e-07,
        "R/Q_x": 4.3834456507685123e-07,
        "R/Q_y": 9.408155888891656e-05,
        "R/Q__|": 9.45199034539934e-05,
        "k_n": 75.94311979586108,
        "R/Q_symm": 0.0
    },
    "1.0_5.5_18": {
        "freq": 3637174423.10265,
        "Qext": 26788.802557558673,
        "R/Q_||": 1.1920314172531698e-06,
        "R/Q_x": 0.0040346589928691,
        "R/Q_y": 0.0022885146886754,
        "R/Q__|": 0.0063231736815446,
        "k_n": 76.22953908629668,
        "R/Q_symm": 0.0
    },
    "1.0_5.5_19": {
        "freq": 3660691682.9539056,
        "Qext": 5.044084365043,
        "R/Q_||": 11.293847434033314,
        "R/Q_x": 0.7177206960832205,
        "R/Q_y": 0.3661039887286692,
        "R/Q__|": 1.08382468481189,
        "k_n": 76.72242440618868,
        "R/Q_symm": 0.0
    },
    "1.0_5.5_20": {
        "freq": 3800342714.639308,
        "Qext": 4.722518211833,
        "R/Q_||": 28.83163387249271,
        "R/Q_x": 1.8681597798291396,
        "R/Q_y": 2.994690365612953,
        "R/Q__|": 4.862850145442093,
        "k_n": 79.64929360187134,
        "R/Q_symm": 1.0
    },
    "1.0_5.5_21": {
        "freq": 3923753582.20678,
        "Qext": 85.57899598639601,
        "R/Q_||": 1.746000228824686,
        "R/Q_x": 0.0336241271620542,
        "R/Q_y": 0.0350839241862584,
        "R/Q__|": 0.0687080513483126,
        "k_n": 82.23579412633158,
        "R/Q_symm": 0.0
    },
    "1.0_5.5_22": {
        "freq": 4062838198.8887615,
        "Qext": 6.703088039019,
        "R/Q_||": 30.097422307725157,
        "R/Q_x": 1.661242868262692,
        "R/Q_y": 2.3208429718963064,
        "R/Q__|": 3.9820858401589976,
        "k_n": 85.15079214136148,
        "R/Q_symm": 0.0
    },
    "1.0_5.5_23": {
        "freq": 4207198561.8993287,
        "Qext": 255039814.8202196,
        "R/Q_||": 4.984880144474411e-09,
        "R/Q_x": 0.0001690529359189,
        "R/Q_y": 0.0002018417903888,
        "R/Q__|": 0.0003708947263077,
        "k_n": 88.17636162318982,
        "R/Q_symm": 1.0
    },
    "1.0_5.5_24": {
        "freq": 4385028656.392413,
        "Qext": 4.6690979023959995,
        "R/Q_||": 26.658756430925227,
        "R/Q_x": 1.610742070338096,
        "R/Q_y": 2.72521228085234,
        "R/Q__|": 4.335954351190435,
        "k_n": 91.90340480615511,
        "R/Q_symm": 1.0
    },
    "1.0_5.5_25": {
        "freq": 4399171212.83516,
        "Qext": 225373507.07961762,
        "R/Q_||": 1.795670733196431e-06,
        "R/Q_x": 0.0007905506211655,
        "R/Q_y": 0.0007508646943095,
        "R/Q__|": 0.0015414153154751,
        "k_n": 92.19981087133714,
        "R/Q_symm": 0.0
    },
    "1.0_5.5_26": {
        "freq": 4505417670.97657,
        "Qext": 5.359094318744,
        "R/Q_||": 4.301453842306349,
        "R/Q_x": 1.6457336661804745,
        "R/Q_y": 0.7529445012433459,
        "R/Q__|": 2.39867816742382,
        "k_n": 94.42657197529384,
        "R/Q_symm": 1.0
    },
    "1.0_5.5_27": {
        "freq": 4680552184.694574,