{
    "1.0_5.5_1": {
        "freq": 1301967827.473793,
        "Qext": 11322411161.675228,
        "R/Q_||": 52.766631330950126,
        "R/Q_x": 2.428516128211538e-06,
        "R/Q_y": 7.320083641088899e-05,
        "R/Q__|": 7.562935253910052e-05,
        "k_n": 27.287227899521948,
        "R/Q_symm": 0.0
    },
    "1.0_5.5_2": {
        "freq": 2311154630.6183505,
        "Qext": 4051904253.5440745,
        "R/Q_||": 2.9838809867753824e-08,
        "R/Q_x": 0.0047076984286797,
        "R/Q_y": 0.0051148392591968,
        "R/Q__|": 0.0098225376878766,
        "k_n": 48.43821927542047,
        "R/Q_symm": 0.0
    },
    "1.0_5.5_3": {
        "freq": 2450691498.1229405,
        "Qext": 131320590882.60016,
        "R/Q_||": 14.236866150352762,
        "R/Q_x": 0.0004571422692169,
        "R/Q_y": 0.0008292308975062,
        "R/Q__|": 0.0012863731667231,
        "k_n": 51.362695766802744,
        "R/Q_symm": 1.0
    },
    "1.0_5.5_4": {
        "freq": 2473758610.709006,
        "Qext": 2155563640.017444,
        "R/Q_||": 1.957675760006862e-07,
        "R/Q_x": 0.0027607185866382,
        "R/Q_y": 0.0023331804953959,
        "R/Q__|": 0.0050938990820341,
        "k_n": 51.84614669764578,
        "R/Q_symm": 0.0
    },
    "1.0_5.5_5": {
        "freq": 2700058603.7308273,
        "Qext": 723773278.1156654,
        "R/Q_||": 0.143209181710828,
        "R/Q_x": 0.004076658596481,
        "R/Q_y": 0.0159651706689735,
        "R/Q__|": 0.0200418292654545,
        "k_n": 56.58904383607063,
        "R/Q_symm": 0.0
    },
    "1.0_5.5_6": {
        "freq": 2964651422.767062,
        "Qext": 1.112393005112,
        "R/Q_||": 40.88398504134793,
        "R/Q_x": 1.82944553446374,
        "R/Q_y": 3.129792513256087,
        "R/Q__|": 4.959238047719826,
        "k_n": 62.13449926228318,
        "R/Q_symm": 0.0
    },
    "1.0_5.5_7": {
        "freq": 2975127231.3785872,
        "Qext": 108.773810404363,
        "R/Q_||": 19.826343943033603,
        "R/Q_x": 0.2960389151400774,
        "R/Q_y": 1.07572571036035,
        "R/Q__|": 1.3717646255004274,
        "k_n": 62.35405597557701,
        "R/Q_symm": 1.0
    },
    "1.0_5.5_8": {
        "freq": 3046651422.382586,
        "Qext": 1.719589724078,
        "R/Q_||": 51.32756760529856,
        "R/Q_x": 2.166530558512172,
        "R/Q_y": 3.416526773313955,
        "R/Q__|": 5.583057331826127,
        "k_n": 63.85309217222553,
        "R/Q_symm": 0.0
    },
    "1.0_5.5_9": {
        "freq": 3047556090.9662943,
        "Qext": 18.130969742403,
        "R/Q_||": 19.90506771238933,
        "R/Q_x": 0.1634172042852037,
        "R/Q_y": 0.7510736767680604,
        "R/Q__|": 0.914490881053264,
        "k_n": 63.872052623702345,
        "R/Q_symm": 1.0
    },
    "1.0_5.5_10": {
        "freq": 3160329176.165842,
        "Qext": 3.701750732264,
        "R/Q_||": 25.816212914837564,
        "R/Q_x": 1.86065278242778,
        "R/Q_y": 2.654946698943631,
        "R/Q__|": 4.51559948137141,
        "k_n": 66.2356017159584,
        "R/Q_symm": 0.0
    },
    "1.0_5.5_11": {
        "freq": 3194975986.48142,
        "Qext": 5.2818285114800005,
        "R/Q_||": 22.319801318772427,
        "R/Q_x": 0.241779690089614,
        "R/Q_y": 0.9017994634902322,
        "R/Q__|": 1.1435791535798463,
        "k_n": 66.96174516522248,
        "R/Q_symm": 0.0
    },
    "1.0_5.5_12": {
        "freq": 3195103426.290158,
        "Qext": 6.949168852771,
        "R/Q_||": 1.3848048600757918,
        "R/Q_x": 0.8009518873960739,
        "R/Q_y": 0.9547491978758816,
        "R/Q__|": 1.7557010852719557,
        "k_n": 66.9644161061099,
        "R/Q_symm": 1.0
    },
    "1.0_5.5_13": {
        "freq": 3261731788.337673,
        "Qext": 1159645.1348082197,
        "R/Q_||": 1.935223825792796e-06,
        "R/Q_x": 0.0166873933260733,
        "R/Q_y": 0.0173007901536909,
        "R/Q__|": 0.0339881834797642,
        "k_n": 68.36084331529068,
        "R/Q_symm": 1.0
    },
    "1.0_5.5_14": {
        "freq": 3273771167.026171,
        "Qext": 71396263.06495571,
        "R/Q_||": 2.37689165643796e-08,
        "R/Q_x": 0.0003140541834746,
        "R/Q_y": 0.0006153852905013,
        "R/Q__|": 0.000929439473976,
        "k_n": 68.61317003420749,
        "R/Q_symm": 1.0
    },
    "1.0_5.5_15": {
        "freq": 3457686641.608455,
        "Qext": 58694.26461590752,
        "R/Q_||": 8.361868844656028e-06,
        "R/Q_x": 0.0021000870527375,
        "R/Q_y": 0.0187691401935193,
        "R/Q__|": 0.0208692272462569,
        "k_n": 72.4677533528391,
        "R/Q_symm": 1.0
    },
    "1.0_5.5_16": {
        "freq": 3469556005.2829466,
        "Qext": 8.934284352704,
        "R/Q_||": 15.56149905484049,
        "R/Q_x": 0.5775620873745216,
        "R/Q_y": 0.4315620808103994,
        "R/Q__|": 1.009124168184921,
        "k_n": 72.71651682054826,
        "R/Q_symm": 1.0
    },
    "1.0_5.5_17": {
        "freq": 3623508380.044455,
        "Qext": 18957231.274996642,
        "R/Q_||": 2.183575403529024e-07,
        "R/Q_x": 4.394506094115847e-07,
        "R/Q_y": 9.405409294770192e-05,
        "R/Q__|": 9.449354355711348e-05,
        "k_n": 75.94312000316373,
        "R/Q_symm": 0.0
    },
    "1.0_5.5_18": {
        "freq": 3637174433.036959,
        "Qext": 26776.28247822701,
        "R/Q_||": 1.2683684750439177e-06,
        "R/Q_x": 0.003858304097678,
        "R/Q_y": 0.0022679656516246,
        "R/Q__|": 0.0061262697493026,
        "k_n": 76.22953929450442,
        "R/Q_symm": 0.0
    },
    "1.0_5.5_19": {
        "freq": 3660396645.0682406,
        "Qext": 5.039115080456,
        "R/Q_||": 11.393356460533566,
        "R/Q_x": 0.7299730371664933,
        "R/Q_y": 0.4013630977650762,
        "R/Q__|": 1.1313361349315696,
        "k_n": 76.7162408693491,
        "R/Q_symm": 0.0
    },
    "1.0_5.5_20": {
        "freq": 3799979068.648023,
        "Qext": 4.718357534592,
        "R/Q_||": 28.805482919677196,
        "R/Q_x": 1.8701409987223967,
        "R/Q_y": 2.977236603881005,
        "R/Q__|": 4.847377602603402,
        "k_n": 79.64167214546546,
        "R/Q_symm": 1.0
    },
    "1.0_5.5_21": {
        "freq": 3923753779.569162,
        "Qext": 85.571110762067,
        "R/Q_||": 1.7471778800544124,
        "R/Q_x": 0.0365174194244698,
        "R/Q_y": 0.031328854451163,
        "R/Q__|": 0.0678462738756328,
        "k_n": 82.23579826274124,
        "R/Q_symm": 0.0
    },
    "1.0_5.5_22": {
        "freq": 4062649312.8605123,
        "Qext": 6.698264297805,
        "R/Q_||": 30.094250867378356,
        "R/Q_x": 1.6892417719483823,
        "R/Q_y": 2.258799156721877,
        "R/Q__|": 3.94804092867026,
        "k_n": 85.14683338294125,
        "R/Q_symm": 0.0
    },
    "1.0_5.5_23": {
        "freq": 4207198377.3178105,
        "Qext": 7023829.406717741,
        "R/Q_||": 6.5886211431766925e-09,
        "R/Q_x": 0.0001693434940779,
        "R/Q_y": 0.0002019100434942,
        "R/Q__|": 0.0003712535375722,
        "k_n": 88.17635775464726,
        "R/Q_symm": 1.0
    },
    "1.0_5.5_24": {
        "freq": 4384749059.012427,
        "Qext": 4.664820319717,
        "R/Q_||": 26.743509836697463,
        "R/Q_x": 1.613611320277817,
        "R/Q_y": 2.657710303873443,
        "R/Q__|": 4.271321624151261,
        "k_n": 91.89754487838518,
        "R/Q_symm": 1.0
    },
    "1.0_5.5_25": {
        "freq": 4399171318.580914,
        "Qext": 25164158.058267996,
        "R/Q_||": 1.7894680989575706e-06,
        "R/Q_x": 0.0007917526777644,
        "R/Q_y": 0.0007503020897118,
        "R/Q__|": 0.0015420547674762,
        "k_n": 92.19981308760424,
        "R/Q_symm": 0.0
    },
    "1.0_5.5_26": {
        "freq": 4505118057.3499775,
        "Qext": 5.353169911065001,
        "R/Q_||": 4.250540319971051,
        "R/Q_x": 1.647664553857287,
        "R/Q_y": 0.8054862830035495,
        "R/Q__|": 2.453150836860837,
        "k_n": 94.42029253801581,
        "R/Q_symm": 1.0
    },
    "1.0_5.5_27": {
        "freq": 4680552189.111585,