{
    "1.0_5.5_1": {
        "freq": 1301967799.068958,
        "Qext": 161619918.15349066,
        "R/Q_||": 52.774472101987314,
        "R/Q_x": 9.08405938797744e-06,
        "R/Q_y": 2.0383863292682665e-05,
        "R/Q__|": 2.946792268066011e-05,
        "k_n": 27.28722730420063,
        "R/Q_symm": 0.0
    },
    "1.0_5.5_2": {
        "freq": 2311154591.0729113,
        "Qext": 91120938.51625639,
        "R/Q_||": 6.49850630596956e-08,
        "R/Q_x": 0.002087382280746,
        "R/Q_y": 0.0027156233525825,
        "R/Q__|": 0.0048030056333286,
        "k_n": 48.43821844660936,
        "R/Q_symm": 0.0
    },
    "1.0_5.5_3": {
        "freq": 2450692655.603186,
        "Qext": 418357.2471413705,
        "R/Q_||": 14.22575217794703,
        "R/Q_x": 0.0021691375173244,
        "R/Q_y": 0.0015215612319137,
        "R/Q__|": 0.0036906987492381,
        "k_n": 51.36272002579485,
        "R/Q_symm": 1.0
    },
    "1.0_5.5_4": {
        "freq": 2473758818.5122137,
        "Qext": 17818057.659442093,
        "R/Q_||": 1.0821174457789253e-07,
        "R/Q_x": 0.0021643010809103,
        "R/Q_y": 0.001662376258599,
        "R/Q__|": 0.0038266773395094,
        "k_n": 51.84615105287897,
        "R/Q_symm": 1.0
    },
    "1.0_5.5_5": {
        "freq": 2700094949.270566,
        "Qext": 36118.813016408036,
        "R/Q_||": 0.1103900141532458,
        "R/Q_x": 0.0107114981209192,
        "R/Q_y": 0.0208900494217419,
        "R/Q__|": 0.0316015475426611,
        "k_n": 56.58980558225594,
        "R/Q_symm": 0.0
    },
    "1.0_5.5_6": {
        "freq": 3067188493.314005,
        "Qext": 69.961367162236,
        "R/Q_||": 2.8183400539429684,
        "R/Q_x": 0.0093913139650689,
        "R/Q_y": 0.0899874151451383,
        "R/Q__|": 0.0993787291102072,
        "k_n": 64.28351735099636,
        "R/Q_symm": 1.0
    },
    "1.0_5.5_7": {
        "freq": 3082671808.9294147,
        "Qext": 58.718131841495,
        "R/Q_||": 2.10830510166839,
        "R/Q_x": 0.1929773776266916,
        "R/Q_y": 0.0581917057174495,
        "R/Q__|": 0.2511690833441412,
        "k_n": 64.608023650555,
        "R/Q_symm": 0.0
    },
    "1.0_5.5_8": {
        "freq": 3261732239.504695,
        "Qext": 1318327.099256568,
        "R/Q_||": 3.5407833278505305e-07,
        "R/Q_x": 0.009294340221286,
        "R/Q_y": 0.0099987065702018,
        "R/Q__|": 0.0192930467914879,
        "k_n": 68.36085277105225,
        "R/Q_symm": 1.0
    },
    "1.0_5.5_9": {
        "freq": 3273769917.8208704,
        "Qext": 15807388.35595298,
        "R/Q_||": 3.346561891590303e-06,
        "R/Q_x": 0.000994242700424,
        "R/Q_y": 0.0007723558835593,
        "R/Q__|": 0.0017665985839833,
        "k_n": 68.61314385280038,
        "R/Q_symm": 1.0
    },
    "1.0_5.5_10": {
        "freq": 3348021241.8078065,
        "Qext": 35.487137651737,
        "R/Q_||": 2.817900148708349,
        "R/Q_x": 0.1224297285145921,
        "R/Q_y": 0.097359025352414,
        "R/Q__|": 0.2197887538670062,
        "k_n": 70.16933653031379,
        "R/Q_symm": 1.0
    },
    "1.0_5.5_11": {
        "freq": 3429511924.596268,
        "Qext": 23.160694056556,
        "R/Q_||": 4.143104673226081,
        "R/Q_x": 0.0345712273303783,
        "R/Q_y": 0.0524964844279125,
        "R/Q__|": 0.0870677117582909,
        "k_n": 71.8772549488902,
        "R/Q_symm": 0.0
    },
    "1.0_5.5_12": {
        "freq": 3457700117.043561,
        "Qext": 80264.95616507468,
        "R/Q_||": 5.296519704730761e-06,
        "R/Q_x": 0.0115724796710752,
        "R/Q_y": 0.0351040625392828,
        "R/Q__|": 0.046676542210358,
        "k_n": 72.46803577707495,
        "R/Q_symm": 1.0
    },
    "1.0_5.5_13": {
        "freq": 3623510079.7563157,
        "Qext": 124848854.7882747,
        "R/Q_||": 1.1955855629569905e-06,
        "R/Q_x": 0.0009217264133475,
        "R/Q_y": 0.0006954697251199,
        "R/Q__|": 0.0016171961384674,
        "k_n": 75.94315562649017,
        "R/Q_symm": 0.0
    },
    "1.0_5.5_14": {
        "freq": 3637199195.210568,
        "Qext": 43910.24389186605,
        "R/Q_||": 1.40507955150522e-07,
        "R/Q_x": 0.0012082730536473,
        "R/Q_y": 0.0091745286671169,
        "R/Q__|": 0.0103828017207643,
        "k_n": 76.23005827128732,
        "R/Q_symm": 0.0
    },
    "1.0_5.5_15": {
        "freq": 3639775652.618216,
        "Qext": 23.531970926861,
        "R/Q_||": 5.484298583349176,
        "R/Q_x": 0.0180543945616729,
        "R/Q_y": 0.0866323852716661,
        "R/Q__|": 0.1046867798333391,
        "k_n": 76.28405682560822,
        "R/Q_symm": 1.0
    },
    "1.0_5.5_16": {
        "freq": 3833773354.578751,
        "Qext": 150.863312186897,
        "R/Q_||": 3.945344304500566e-05,
        "R/Q_x": 0.0528938416391057,
        "R/Q_y": 0.1186852444654659,
        "R/Q__|": 0.1715790861045716,
        "k_n": 80.34994800484876,
        "R/Q_symm": 1.0
    },
    "1.0_5.5_17": {
        "freq": 3843387075.536185,
        "Qext": 23.418018943406,
        "R/Q_||": 2.998250282354422,
        "R/Q_x": 0.1354781714781603,
        "R/Q_y": 0.2568728862968851,
        "R/Q__|": 0.3923510577750454,
        "k_n": 80.55143669695944,
        "R/Q_symm": 0.0
    },
    "1.0_5.5_18": {
        "freq": 3853866182.194957,
        "Qext": 128.688298832656,
        "R/Q_||": 1.4118552320752637e-05,
        "R/Q_x": 0.1206276363664969,
        "R/Q_y": 0.0904157389530142,
        "R/Q__|": 0.2110433753195112,
        "k_n": 80.77106253221233,
        "R/Q_symm": 0.0
    },
    "1.0_5.5_19": {
        "freq": 3912652371.562928,
        "Qext": 388.80888967817503,
        "R/Q_||": 8.390644474837422e-06,
        "R/Q_x": 0.0676257069251731,
        "R/Q_y": 0.0579066907131556,
        "R/Q__|": 0.1255323976383288,
        "k_n": 82.00312995567604,
        "R/Q_symm": 1.0
    },
    "1.0_5.5_20": {
        "freq": 3938887631.8003316,
        "Qext": 78.687223085193,
        "R/Q_||": 3.4299184344296303,
        "R/Q_x": 0.0624735072625641,
        "R/Q_y": 0.1427158486997685,
        "R/Q__|": 0.2051893559623327,
        "k_n": 82.55298035135773,
        "R/Q_symm": 0.0
    },
    "1.0_5.5_21": {
        "freq": 4056360607.330668,
        "Qext": 57.189094454965,
        "R/Q_||": 3.4284526755695546e-05,
        "R/Q_x": 0.1495968904845053,
        "R/Q_y": 0.0725537933631266,
        "R/Q__|": 0.2221506838476319,
        "k_n": 85.01503186114881,
        "R/Q_symm": 1.0
    },
    "1.0_5.5_22": {
        "freq": 4094347860.0417686,
        "Qext": 14.141189231635002,
        "R/Q_||": 10.392732979274957,
        "R/Q_x": 0.624927103859317,
        "R/Q_y": 0.270021677109065,
        "R/Q__|": 0.8949487809683819,
        "k_n": 85.81118580607061,
        "R/Q_symm": 1.0
    },
    "1.0_5.5_23": {
        "freq": 4156489300.9524946,
        "Qext": 42.909163178028,
        "R/Q_||": 1.4029023885943085e-05,
        "R/Q_x": 0.1235859314234596,
        "R/Q_y": 0.0398586766536414,
        "R/Q__|": 0.163444608077101,
        "k_n": 87.11357410196712,
        "R/Q_symm": 1.0
    },
    "1.0_5.5_24": {
        "freq": 4207201648.6665344,
        "Qext": 1955851594.2782428,
        "R/Q_||": 1.6081008872151613e-07,
        "R/Q_x": 0.0003023208204193,
        "R/Q_y": 0.0006291209163228,
        "R/Q__|": 0.0009314417367421,
        "k_n": 88.17642631704665,
        "R/Q_symm": 0.0
    },
    "1.0_5.5_25": {
        "freq": 4276073253.077251,
        "Qext": 16.959825983416998,
        "R/Q_||": 1.548775824970012,
        "R/Q_x": 0.5003013399723683,
        "R/Q_y": 0.0611122726199237,
        "R/Q__|": 0.561413612592292,
        "k_n": 89.6198684096269,
        "R/Q_symm": 0.0
    },
    "1.0_5.5_26": {
        "freq": 4382333600.30929,
        "Qext": 31.040857189407,
        "R/Q_||": 0.0001201684245673,
        "R/Q_x": 0.0045751227420559,
        "R/Q_y": 0.0096988295768123,
        "R/Q__|": 0.0142739523188683,
        "k_n": 91.84692060739816,
        "R/Q_symm": 1.0
    },