{
    "1.0_4.5_1": {
        "freq": 1301922944.4299107,
        "Qext": 400635519.22599703,
        "R/Q_||": 51.92833398999489,
        "R/Q_x": 0.0377205867801569,
        "R/Q_y": 0.0112769517592639,
        "R/Q__|": 0.0489975385394208,
        "k_n": 27.286287220481043,
        "R/Q_symm": 0.0
    },
    "1.0_4.5_2": {
        "freq": 2311343805.8389235,
        "Qext": 2738669992.146316,
        "R/Q_||": 3.0404984046978625e-06,
        "R/Q_x": 0.0010783243466403,
        "R/Q_y": 0.0206644267263137,
        "R/Q__|": 0.021742751072954,
        "k_n": 48.44218409486362,
        "R/Q_symm": 1.0
    },
    "1.0_4.5_3": {
        "freq": 2450737457.599334,
        "Qext": 433914.95474411215,
        "R/Q_||": 13.48778937977736,
        "R/Q_x": 0.136624667826592,
        "R/Q_y": 0.0239134050136297,
        "R/Q__|": 0.1605380728402218,
        "k_n": 51.36365900620085,
        "R/Q_symm": 1.0
    },
    "1.0_4.5_4": {
        "freq": 2473942075.612697,
        "Qext": 1493285824.6154253,
        "R/Q_||": 2.308623184972877e-05,
        "R/Q_x": 0.0962791326766267,
        "R/Q_y": 0.0291253341116472,
        "R/Q__|": 0.1254044667882739,
        "k_n": 51.84999183769683,
        "R/Q_symm": 1.0
    },
    "1.0_4.5_5": {
        "freq": 2700256063.197445,
        "Qext": 36669.19089579884,
        "R/Q_||": 0.1034849612474883,
        "R/Q_x": 0.0338133767930137,
        "R/Q_y": 0.0081807647644346,
        "R/Q__|": 0.0419941415574483,
        "k_n": 56.59318228047211,
        "R/Q_symm": 0.0
    },
    "1.0_4.5_6": {
        "freq": 3067593099.882584,
        "Qext": 70.45999869657099,
        "R/Q_||": 2.795101523296106,
        "R/Q_x": 0.4984595539899438,
        "R/Q_y": 0.3884604724577908,
        "R/Q__|": 0.8869200264477346,
        "k_n": 64.29199727762243,
        "R/Q_symm": 1.0
    },
    "1.0_4.5_7": {
        "freq": 3083112167.049964,
        "Qext": 59.08860647612,
        "R/Q_||": 2.143104690880514,
        "R/Q_x": 0.2367777086339,
        "R/Q_y": 0.0522863142197638,
        "R/Q__|": 0.2890640228536638,
        "k_n": 64.61725287430329,
        "R/Q_symm": 0.0
    },
    "1.0_4.5_8": {
        "freq": 3262118131.6125298,
        "Qext": 1312310.1550015449,
        "R/Q_||": 1.2217366016455429e-06,
        "R/Q_x": 0.0577822502307996,
        "R/Q_y": 0.061357033260951,
        "R/Q__|": 0.1191392834917507,
        "k_n": 68.36894047158441,
        "R/Q_symm": 0.0
    },
    "1.0_4.5_9": {
        "freq": 3274152551.4593596,
        "Qext": 211199820.69240823,
        "R/Q_||": 1.8203211696060728e-06,
        "R/Q_x": 0.0020777241527829,
        "R/Q_y": 0.001130675166888,
        "R/Q__|": 0.003208399319671,
        "k_n": 68.62116326086496,
        "R/Q_symm": 0.0
    },
    "1.0_4.5_10": {
        "freq": 3348095487.1855526,
        "Qext": 35.60951390377,
        "R/Q_||": 2.6387863175432558,
        "R/Q_x": 0.1704463221740879,
        "R/Q_y": 0.7986688593321082,
        "R/Q__|": 0.969115181506196,
        "k_n": 70.1708925983673,
        "R/Q_symm": 1.0
    },
    "1.0_4.5_11": {
        "freq": 3429698062.25658,
        "Qext": 23.220425022344003,
        "R/Q_||": 4.213340836971415,
        "R/Q_x": 1.1141226605503538,
        "R/Q_y": 1.1050199626105257,
        "R/Q__|": 2.2191426231608795,
        "k_n": 71.88115610577782,
        "R/Q_symm": 0.0
    },
    "1.0_4.5_12": {
        "freq": 3458599432.691031,
        "Qext": 78639.63400928587,
        "R/Q_||": 7.921219895496128e-05,
        "R/Q_x": 0.1054221251707505,
        "R/Q_y": 0.0310279369606887,
        "R/Q__|": 0.1364500621314392,
        "k_n": 72.48688403930407,
        "R/Q_symm": 1.0
    },
    "1.0_4.5_13": {
        "freq": 3624532446.426601,
        "Qext": 80904949.27273363,
        "R/Q_||": 9.425226708790613e-06,
        "R/Q_x": 0.0036597344962797,
        "R/Q_y": 0.0027306980849794,
        "R/Q__|": 0.0063904325812592,
        "k_n": 75.96458284745542,
        "R/Q_symm": 0.0
    },
    "1.0_4.5_14": {
        "freq": 3637988536.2544217,
        "Qext": 43141.89117076701,
        "R/Q_||": 3.333294907454758e-05,
        "R/Q_x": 0.1023266774827454,
        "R/Q_y": 0.0706785298325588,
        "R/Q__|": 0.1730052073153043,
        "k_n": 76.24660163626115,
        "R/Q_symm": 1.0
    },
    "1.0_4.5_15": {
        "freq": 3640047999.497228,
        "Qext": 23.526672854384998,
        "R/Q_||": 5.623040814195287,
        "R/Q_x": 1.964399158172775,
        "R/Q_y": 0.4182174934925447,
        "R/Q__|": 2.38261665166532,
        "k_n": 76.28976479411443,
        "R/Q_symm": 1.0
    },
    "1.0_4.5_16": {
        "freq": 3834636524.1406746,
        "Qext": 149.910786994772,
        "R/Q_||": 0.0001507177877128,
        "R/Q_x": 0.0880533432789684,
        "R/Q_y": 0.0009565008061962,
        "R/Q__|": 0.0890098440851646,
        "k_n": 80.36803870114332,
        "R/Q_symm": 1.0
    },
    "1.0_4.5_17": {
        "freq": 3843951987.622552,
        "Qext": 23.277152557361,
        "R/Q_||": 3.023278489687024,
        "R/Q_x": 1.9955163393550424,
        "R/Q_y": 1.8346443932934096,
        "R/Q__|": 3.830160732648452,
        "k_n": 80.56327637879998,
        "R/Q_symm": 0.0
    },
    "1.0_4.5_18": {
        "freq": 3854808382.8176336,
        "Qext": 128.184370579925,
        "R/Q_||": 0.0005896397099537,
        "R/Q_x": 1.287321029459742,
        "R/Q_y": 0.8274532017804055,
        "R/Q__|": 2.114774231240148,
        "k_n": 80.79080959705949,
        "R/Q_symm": 0.0
    },
    "1.0_4.5_19": {
        "freq": 3913359643.480461,
        "Qext": 380.68034850339,
        "R/Q_||": 0.0001024826717405,
        "R/Q_x": 0.1818465377405121,
        "R/Q_y": 0.007601420551909,
        "R/Q__|": 0.1894479582924212,
        "k_n": 82.01795327895132,
        "R/Q_symm": 1.0
    },
    "1.0_4.5_20": {
        "freq": 3939225685.4306645,
        "Qext": 79.008174672027,
        "R/Q_||": 3.124270349625319,
        "R/Q_x": 1.4919062348848828,
        "R/Q_y": 0.8319108186648504,
        "R/Q__|": 2.323817053549733,
        "k_n": 82.5600654315406,
        "R/Q_symm": 0.0
    },
    "1.0_4.5_21": {
        "freq": 4057625371.272659,
        "Qext": 56.592571201066,
        "R/Q_||": 3.784498729090038e-05,
        "R/Q_x": 2.7994771069914197,
        "R/Q_y": 2.18425732425876,
        "R/Q__|": 4.983734431250179,
        "k_n": 85.04153935326647,
        "R/Q_symm": 0.0
    },
    "1.0_4.5_22": {
        "freq": 4094146820.1299205,
        "Qext": 14.111376966666,
        "R/Q_||": 9.877286151343306,
        "R/Q_x": 4.093393308379884,
        "R/Q_y": 4.551699909326984,
        "R/Q__|": 8.645093217706869,
        "k_n": 85.80697232108602,
        "R/Q_symm": 1.0
    },
    "1.0_4.5_23": {
        "freq": 4157944774.4705095,
        "Qext": 42.487054350114,
        "R/Q_||": 0.0005181564277786,
        "R/Q_x": 1.1564718432721104,
        "R/Q_y": 0.746114101773213,
        "R/Q__|": 1.9025859450453235,
        "k_n": 87.14407857124024,
        "R/Q_symm": 1.0
    },
    "1.0_4.5_24": {
        "freq": 4208627710.9991064,
        "Qext": 74496153.86128992,
        "R/Q_||": 1.0938371847019415e-06,
        "R/Q_x": 0.0001912512384783,
        "R/Q_y": 0.0001499476896867,
        "R/Q__|": 0.0003411989281651,
        "k_n": 88.20631437345378,
        "R/Q_symm": 0.0
    },
    "1.0_4.5_25": {
        "freq": 4277091500.957071,
        "Qext": 16.908962964947,
        "R/Q_||": 1.2046118621587956,
        "R/Q_x": 4.022197786906394,
        "R/Q_y": 4.939540443719514,
        "R/Q__|": 8.961738230625908,
        "k_n": 89.64120930712723,
        "R/Q_symm": 0.0
    },
    "1.0_4.5_26": {
        "freq": 4384200092.715643,
        "Qext": 30.882428766950998,
        "R/Q_||": 0.0007154853932155,
        "R/Q_x": 1.8821454771614092,
        "R/Q_y": 0.5937909664711789,
        "R/Q__|": 2.4759364436325884,
        "k_n": 91.88603939558182,
        "R/Q_symm": 0.0
    },
    "1.0_4.5_27": {
        "freq": 4400975410.672623,